,Time,CustomerID,Location
0,07:02,1,entrance
1,07:03,1,spices
2,07:03,2,entrance
3,07:04,1,dairy
4,07:04,2,fruit
5,07:04,3,entrance
6,07:05,1,checkout
7,07:05,2,fruit
8,07:05,3,dairy
9,07:06,2,checkout
10,07:06,3,checkout
11,07:08,1,entrance
12,07:09,1,dairy
13,07:09,2,entrance
14,07:10,1,dairy
15,07:10,2,spices
16,07:10,3,entrance
17,07:11,1,dairy
18,07:11,2,dairy
19,07:11,3,spices
20,07:12,1,dairy
21,07:12,2,dairy
22,07:12,3,fruit
23,07:12,4,entrance
24,07:13,1,dairy
25,07:13,2,dairy
26,07:13,3,fruit
27,07:13,4,drinks
28,07:14,1,dairy
29,07:14,2,dairy
30,07:14,3,fruit
31,07:14,4,checkout
32,07:15,1,dairy
33,07:15,2,dairy
34,07:15,3,fruit
35,07:16,1,dairy
36,07:16,2,dairy
37,07:16,3,fruit
38,07:17,1,dairy
39,07:17,2,dairy
40,07:17,3,fruit
41,07:18,1,dairy
42,07:18,2,dairy
43,07:18,3,fruit
44,07:19,1,dairy
45,07:19,2,dairy
46,07:19,3,drinks
47,07:20,1,dairy
48,07:20,2,dairy
49,07:20,3,drinks
50,07:20,4,entrance
51,07:21,1,dairy
52,07:21,2,dairy
53,07:21,3,drinks
54,07:21,4,fruit
55,07:22,1,dairy
56,07:22,2,dairy
57,07:22,3,fruit
58,07:22,4,fruit
59,07:23,1,dairy
60,07:23,2,dairy
61,07:23,3,fruit
62,07:23,4,checkout
63,07:23,5,entrance
64,07:24,1,dairy
65,07:24,2,dairy
66,07:24,3,fruit
67,07:24,5,fruit
68,07:25,1,dairy
69,07:25,2,checkout
70,07:25,3,checkout
71,07:25,5,checkout
72,07:26,1,dairy
73,07:26,2,entrance
74,07:27,1,dairy
75,07:27,2,dairy
76,07:27,3,entrance
77,07:28,1,dairy
78,07:28,2,checkout
79,07:28,3,dairy
80,07:29,1,dairy
81,07:29,3,dairy
82,07:29,3,entrance
83,07:30,1,dairy
84,07:30,3,dairy
85,07:30,3,dairy
86,07:31,1,checkout
87,07:31,3,dairy
88,07:31,3,dairy
89,07:32,3,dairy
90,07:32,3,fruit
91,07:33,3,dairy
92,07:33,3,fruit
93,07:33,3,entrance
94,07:34,3,dairy
95,07:34,3,checkout
96,07:34,3,spices
97,07:35,3,dairy
98,07:35,3,fruit
99,07:36,3,dairy
100,07:36,3,spices
101,07:37,3,dairy
102,07:37,3,spices
103,07:38,3,dairy
104,07:38,3,dairy
105,07:38,3,entrance
106,07:39,3,dairy
107,07:39,3,checkout
108,07:39,3,drinks
109,07:40,3,dairy
110,07:40,3,checkout
111,07:40,3,entrance
112,07:41,3,drinks
113,07:41,3,dairy
114,07:41,3,entrance
115,07:42,3,drinks
116,07:42,3,dairy
117,07:42,3,spices
118,07:42,4,entrance
119,07:43,3,fruit
120,07:43,3,fruit
121,07:43,3,checkout
122,07:43,4,drinks
123,07:44,3,checkout
124,07:44,3,fruit
125,07:44,4,spices
126,07:45,3,fruit
127,07:45,4,spices
128,07:46,3,checkout
129,07:46,4,fruit
130,07:46,3,entrance
131,07:47,4,fruit
132,07:47,3,spices
133,07:48,4,fruit
134,07:48,3,spices
135,07:49,4,fruit
136,07:49,3,dairy
137,07:50,4,fruit
138,07:50,3,checkout
139,07:51,4,checkout
140,07:52,1,entrance
141,07:53,1,fruit
142,07:53,2,entrance
143,07:54,1,fruit
144,07:54,2,fruit
145,07:55,1,spices
146,07:55,2,fruit
147,07:56,1,dairy
148,07:56,2,fruit
149,07:56,3,entrance
150,07:57,1,dairy
151,07:57,2,fruit
152,07:57,3,fruit
153,07:57,4,entrance
154,07:58,1,dairy
155,07:58,2,fruit
156,07:58,3,fruit
157,07:58,4,drinks
158,07:59,1,dairy
159,07:59,2,fruit
160,07:59,3,dairy
161,07:59,4,drinks
162,07:59,5,entrance
163,08:00,1,dairy
164,08:00,2,fruit
165,08:00,3,dairy
166,08:00,4,drinks
167,08:00,5,dairy
168,08:01,1,checkout
169,08:01,2,checkout
170,08:01,3,fruit
171,08:01,4,dairy
172,08:01,5,dairy
173,08:02,3,fruit
174,08:02,4,dairy
175,08:02,5,dairy
176,08:02,4,entrance
177,08:03,3,checkout
178,08:03,4,dairy
179,08:03,5,dairy
180,08:03,4,drinks
181,08:04,4,dairy
182,08:04,5,dairy
183,08:04,4,drinks
184,08:05,4,dairy
185,08:05,5,dairy
186,08:05,4,drinks
187,08:06,4,dairy
188,08:06,5,dairy
189,08:06,4,drinks
190,08:06,4,entrance
191,08:07,4,dairy
192,08:07,5,dairy
193,08:07,4,drinks
194,08:07,4,spices
195,08:08,4,dairy
196,08:08,5,spices
197,08:08,4,drinks
198,08:08,4,spices
199,08:09,4,dairy
200,08:09,5,spices
201,08:09,4,checkout
202,08:09,4,drinks
203,08:09,5,entrance
204,08:10,4,dairy
205,08:10,5,spices
206,08:10,4,drinks
207,08:10,5,fruit
208,08:10,5,entrance
209,08:11,4,dairy
210,08:11,5,drinks
211,08:11,4,checkout
212,08:11,5,fruit
213,08:11,5,drinks
214,08:11,6,entrance
215,08:12,4,drinks
216,08:12,5,fruit
217,08:12,5,fruit
218,08:12,5,drinks
219,08:12,6,spices
220,08:12,6,entrance
221,08:13,4,drinks
222,08:13,5,fruit
223,08:13,5,fruit
224,08:13,5,drinks
225,08:13,6,spices
226,08:13,6,dairy
227,08:14,4,spices
228,08:14,5,checkout
229,08:14,5,checkout
230,08:14,5,drinks
231,08:14,6,spices
232,08:14,6,dairy
233,08:14,7,entrance
234,08:15,4,dairy
235,08:15,5,drinks
236,08:15,6,checkout
237,08:15,6,dairy
238,08:15,7,fruit
239,08:16,4,fruit
240,08:16,5,drinks
241,08:16,6,dairy
242,08:16,7,checkout
243,08:17,4,checkout
244,08:17,5,checkout
245,08:17,6,dairy
246,08:17,4,entrance
247,08:18,6,checkout
248,08:18,4,spices
249,08:19,4,drinks
250,08:19,2,entrance
251,08:20,4,spices
252,08:20,2,drinks
253,08:21,4,fruit
254,08:21,2,fruit
255,08:22,4,fruit
256,08:22,2,fruit
257,08:23,4,checkout
258,08:23,2,fruit
259,08:24,2,spices
260,08:25,2,dairy
261,08:26,2,dairy
262,08:27,2,dairy
263,08:27,2,entrance
264,08:28,2,dairy
265,08:28,2,fruit
266,08:29,2,dairy
267,08:29,2,fruit
268,08:30,2,checkout
269,08:30,2,fruit
270,08:31,2,fruit
271,08:31,2,entrance
272,08:32,2,fruit
273,08:32,2,fruit
274,08:32,3,entrance
275,08:33,2,fruit
276,08:33,2,fruit
277,08:33,3,fruit
278,08:34,2,dairy
279,08:34,2,fruit
280,08:34,3,spices
281,08:34,4,entrance
282,08:35,2,dairy
283,08:35,2,checkout
284,08:35,3,drinks
285,08:35,4,fruit
286,08:35,5,entrance
287,08:36,2,dairy
288,08:36,3,drinks
289,08:36,4,dairy
290,08:36,5,fruit
291,08:37,2,dairy
292,08:37,3,checkout
293,08:37,4,dairy
294,08:37,5,fruit
295,08:37,5,entrance
296,08:38,2,dairy
297,08:38,4,checkout
298,08:38,5,fruit
299,08:38,5,dairy
300,08:39,2,dairy
301,08:39,5,drinks
302,08:39,5,drinks
303,08:40,2,dairy
304,08:40,5,checkout
305,08:40,5,drinks
306,08:40,4,entrance
307,08:41,2,dairy
308,08:41,5,drinks
309,08:41,4,dairy
310,08:41,4,entrance
311,08:42,2,dairy
312,08:42,5,spices
313,08:42,4,dairy
314,08:42,4,spices
315,08:43,2,dairy
316,08:43,5,drinks
317,08:43,4,dairy
318,08:43,4,checkout
319,08:44,2,dairy
320,08:44,5,drinks
321,08:44,4,dairy
322,08:45,2,checkout
323,08:45,5,drinks
324,08:45,4,dairy
325,08:46,5,drinks
326,08:46,4,drinks
327,08:46,3,entrance
328,08:47,5,drinks
329,08:47,4,drinks
330,08:47,3,dairy
331,08:47,4,entrance
332,08:48,5,drinks
333,08:48,4,drinks
334,08:48,3,dairy
335,08:48,4,fruit
336,08:49,5,checkout
337,08:49,4,checkout
338,08:49,3,dairy
339,08:49,4,fruit
340,08:50,3,dairy
341,08:50,4,fruit
342,08:51,3,spices
343,08:51,4,fruit
344,08:52,3,dairy
345,08:52,4,drinks
346,08:53,3,dairy
347,08:53,4,checkout
348,08:54,3,dairy
349,08:55,3,dairy
350,08:55,2,entrance
351,08:56,3,checkout
352,08:56,2,spices
353,08:57,2,spices
354,08:58,2,spices
355,08:59,2,drinks
356,09:00,2,drinks
357,09:01,2,drinks
358,09:02,2,drinks
359,09:03,2,fruit
360,09:04,2,fruit
361,09:05,2,fruit
362,09:06,2,fruit
363,09:07,2,fruit
364,09:08,2,fruit
365,09:09,2,checkout
366,09:09,2,entrance
367,09:10,2,dairy
368,09:11,2,dairy
369,09:12,2,fruit
370,09:13,2,drinks
371,09:13,2,entrance
372,09:14,2,drinks
373,09:14,2,fruit
374,09:15,2,drinks
375,09:15,2,fruit
376,09:16,2,drinks
377,09:16,2,checkout
378,09:17,2,drinks
379,09:17,2,entrance
380,09:18,2,drinks
381,09:18,2,spices
382,09:19,2,drinks
383,09:19,2,spices
384,09:19,3,entrance
385,09:20,2,spices
386,09:20,2,spices
387,09:20,3,dairy
388,09:20,4,entrance
389,09:21,2,spices
390,09:21,2,spices
391,09:21,3,dairy
392,09:21,4,drinks
393,09:22,2,spices
394,09:22,2,drinks
395,09:22,3,checkout
396,09:22,4,drinks
397,09:22,5,entrance
398,09:23,2,checkout
399,09:23,2,drinks
400,09:23,4,checkout
401,09:23,5,dairy
402,09:24,2,drinks
403,09:24,5,dairy
404,09:24,3,entrance
405,09:25,2,spices
406,09:25,5,dairy
407,09:25,3,fruit
408,09:26,2,spices
409,09:26,5,dairy
410,09:26,3,fruit
411,09:27,2,spices
412,09:27,5,fruit
413,09:27,3,spices
414,09:28,2,drinks
415,09:28,5,fruit
416,09:28,3,spices
417,09:29,2,dairy
418,09:29,5,fruit
419,09:29,3,checkout
420,09:29,4,entrance
421,09:30,2,dairy
422,09:30,5,fruit
423,09:30,4,fruit
424,09:30,4,entrance
425,09:31,2,dairy
426,09:31,5,fruit
427,09:31,4,checkout
428,09:31,4,fruit
429,09:32,2,dairy
430,09:32,5,checkout
431,09:32,4,checkout
432,09:33,2,dairy
433,09:34,2,dairy
434,09:35,2,fruit
435,09:36,2,fruit
436,09:37,2,fruit
437,09:38,2,fruit
438,09:39,2,dairy
439,09:40,2,dairy
440,09:41,2,checkout
441,09:43,1,entrance
442,09:44,1,fruit
443,09:45,1,dairy
444,09:46,1,dairy
445,09:47,1,drinks
446,09:48,1,drinks
447,09:48,2,entrance
448,09:49,1,spices
449,09:49,2,dairy
450,09:50,1,dairy
451,09:50,2,dairy
452,09:51,1,dairy
453,09:51,2,fruit
454,09:52,1,fruit
455,09:52,2,fruit
456,09:53,1,fruit
457,09:53,2,checkout
458,09:54,1,fruit
459,09:54,2,entrance
460,09:55,1,fruit
461,09:55,2,dairy
462,09:56,1,checkout
463,09:56,2,dairy
464,09:57,2,dairy
465,09:58,2,dairy
466,09:58,2,entrance
467,09:59,2,dairy
468,09:59,2,fruit
469,10:00,2,dairy
470,10:00,2,fruit
471,10:01,2,fruit
472,10:01,2,fruit
473,10:01,3,entrance
474,10:02,2,fruit
475,10:02,2,fruit
476,10:02,3,fruit
477,10:02,4,entrance
478,10:03,2,checkout
479,10:03,2,drinks
480,10:03,3,fruit
481,10:03,4,fruit
482,10:03,5,entrance
483,10:04,2,drinks
484,10:04,3,checkout
485,10:04,4,fruit
486,10:04,5,fruit
487,10:04,5,entrance
488,10:05,2,checkout
489,10:05,4,fruit
490,10:05,5,dairy
491,10:05,5,fruit
492,10:05,5,entrance
493,10:06,4,dairy
494,10:06,5,dairy
495,10:06,5,spices
496,10:06,5,spices
497,10:06,5,entrance
498,10:07,4,checkout
499,10:07,5,dairy
500,10:07,5,drinks
501,10:07,5,checkout
502,10:07,5,fruit
503,10:08,5,dairy
504,10:08,5,drinks
505,10:08,5,fruit
506,10:09,5,drinks
507,10:09,5,drinks
508,10:09,5,fruit
509,10:10,5,drinks
510,10:10,5,spices
511,10:10,5,fruit
512,10:10,4,entrance
513,10:11,5,checkout
514,10:11,5,dairy
515,10:11,5,fruit
516,10:11,4,dairy
517,10:12,5,dairy
518,10:12,5,fruit
519,10:12,4,checkout
520,10:13,5,dairy
521,10:13,5,fruit
522,10:14,5,dairy
523,10:14,5,fruit
524,10:14,3,entrance
525,10:15,5,fruit
526,10:15,5,fruit
527,10:15,3,spices
528,10:16,5,checkout
529,10:16,5,checkout
530,10:16,3,fruit
531,10:16,4,entrance
532,10:17,3,fruit
533,10:17,4,fruit
534,10:18,3,checkout
535,10:18,4,fruit
536,10:19,4,fruit
537,10:20,4,drinks
538,10:21,4,spices
539,10:22,4,fruit
540,10:22,2,entrance
541,10:23,4,spices
542,10:23,2,dairy
543,10:24,4,dairy
544,10:24,2,checkout
545,10:25,4,dairy
546,10:26,4,dairy
547,10:27,4,checkout
548,10:29,1,entrance
549,10:30,1,spices
550,10:31,1,spices
551,10:32,1,fruit
552,10:33,1,checkout
553,10:40,1,entrance
554,10:41,1,dairy
555,10:42,1,dairy
556,10:42,2,entrance
557,10:43,1,dairy
558,10:43,2,dairy
559,10:43,3,entrance
560,10:44,1,checkout
561,10:44,2,drinks
562,10:44,3,dairy
563,10:44,4,entrance
564,10:45,2,drinks
565,10:45,3,drinks
566,10:45,4,fruit
567,10:46,2,spices
568,10:46,3,drinks
569,10:46,4,fruit
570,10:47,2,fruit
571,10:47,3,drinks
572,10:47,4,fruit
573,10:47,4,entrance
574,10:48,2,fruit
575,10:48,3,checkout
576,10:48,4,checkout
577,10:48,4,dairy
578,10:48,5,entrance
579,10:49,2,spices
580,10:49,4,fruit
581,10:49,5,fruit
582,10:49,4,entrance
583,10:50,2,spices
584,10:50,4,checkout
585,10:50,5,dairy
586,10:50,4,dairy
587,10:51,2,dairy
588,10:51,5,dairy
589,10:51,4,dairy
590,10:51,4,entrance
591,10:52,2,fruit
592,10:52,5,dairy
593,10:52,4,drinks
594,10:52,4,spices
595,10:53,2,fruit
596,10:53,5,dairy
597,10:53,4,drinks
598,10:53,4,spices
599,10:54,2,checkout
600,10:54,5,dairy
601,10:54,4,checkout
602,10:54,4,dairy
603,10:54,5,entrance
604,10:55,5,dairy
605,10:55,4,dairy
606,10:55,5,fruit
607,10:56,5,dairy
608,10:56,4,checkout
609,10:56,5,checkout
610,10:57,5,dairy
611,10:58,5,dairy
612,10:59,5,dairy
613,11:00,5,checkout
614,11:01,1,entrance
615,11:02,1,drinks
616,11:03,1,drinks
617,11:04,1,drinks
618,11:04,2,entrance
619,11:05,1,fruit
620,11:05,2,drinks
621,11:06,1,fruit
622,11:06,2,fruit
623,11:07,1,fruit
624,11:07,2,checkout
625,11:08,1,fruit
626,11:08,2,entrance
627,11:09,1,checkout
628,11:09,2,dairy
629,11:10,2,dairy
630,11:11,2,dairy
631,11:11,2,entrance
632,11:12,2,dairy
633,11:12,2,dairy
634,11:13,2,checkout
635,11:13,2,dairy
636,11:14,2,dairy
637,11:14,2,entrance
638,11:15,2,dairy
639,11:15,2,fruit
640,11:16,2,fruit
641,11:16,2,fruit
642,11:16,3,entrance
643,11:17,2,fruit
644,11:17,2,checkout
645,11:17,3,dairy
646,11:18,2,fruit
647,11:18,3,dairy
648,11:19,2,fruit
649,11:19,3,dairy
650,11:19,3,entrance
651,11:20,2,fruit
652,11:20,3,dairy
653,11:20,3,fruit
654,11:21,2,dairy
655,11:21,3,dairy
656,11:21,3,fruit
657,11:21,4,entrance
658,11:22,2,dairy
659,11:22,3,dairy
660,11:22,3,drinks
661,11:22,4,dairy
662,11:22,5,entrance
663,11:23,2,fruit
664,11:23,3,drinks
665,11:23,3,checkout
666,11:23,4,checkout
667,11:23,5,drinks
668,11:24,2,fruit
669,11:24,3,drinks
670,11:24,5,drinks
671,11:24,4,entrance
672,11:25,2,drinks
673,11:25,3,drinks
674,11:25,5,drinks
675,11:25,4,dairy
676,11:26,2,drinks
677,11:26,3,drinks
678,11:26,5,checkout
679,11:26,4,dairy
680,11:27,2,drinks
681,11:27,3,dairy
682,11:27,4,dairy
683,11:28,2,drinks
684,11:28,3,checkout
685,11:28,4,fruit
686,11:29,2,drinks
687,11:29,4,fruit
688,11:29,3,entrance
689,11:30,2,spices
690,11:30,4,dairy
691,11:30,3,drinks
692,11:31,2,spices
693,11:31,4,dairy
694,11:31,3,drinks
695,11:32,2,fruit
696,11:32,4,drinks
697,11:32,3,checkout
698,11:33,2,fruit
699,11:33,4,drinks
700,11:34,2,fruit
701,11:34,4,checkout
702,11:35,2,checkout
703,11:35,2,entrance
704,11:36,2,spices
705,11:36,2,entrance
706,11:37,2,spices
707,11:37,2,fruit
708,11:38,2,drinks
709,11:38,2,dairy
710,11:39,2,fruit
711,11:39,2,dairy
712,11:40,2,dairy
713,11:40,2,dairy
714,11:40,3,entrance
715,11:41,2,dairy
716,11:41,2,checkout
717,11:41,3,drinks
718,11:42,2,drinks
719,11:42,3,drinks
720,11:42,3,entrance
721,11:43,2,drinks
722,11:43,3,drinks
723,11:43,3,drinks
724,11:44,2,drinks
725,11:44,3,checkout
726,11:44,3,drinks
727,11:44,4,entrance
728,11:45,2,drinks
729,11:45,3,drinks
730,11:45,4,spices
731,11:45,4,entrance
732,11:46,2,drinks
733,11:46,3,checkout
734,11:46,4,spices
735,11:46,4,drinks
736,11:47,2,checkout
737,11:47,4,spices
738,11:47,4,dairy
739,11:47,4,entrance
740,11:48,4,spices
741,11:48,4,dairy
742,11:48,4,spices
743,11:49,4,checkout
744,11:49,4,dairy
745,11:49,4,dairy
746,11:50,4,checkout
747,11:50,4,dairy
748,11:51,4,checkout
749,11:52,1,entrance
750,11:53,1,spices
751,11:54,1,spices
752,11:54,2,entrance
753,11:55,1,spices
754,11:55,2,drinks
755,11:56,1,checkout
756,11:56,2,drinks
757,11:56,3,entrance
758,11:57,2,drinks
759,11:57,3,fruit
760,11:58,2,drinks
761,11:58,3,fruit
762,11:58,3,entrance
763,11:59,2,fruit
764,11:59,3,fruit
765,11:59,3,fruit
766,11:59,4,entrance
767,12:00,2,fruit
768,12:00,3,checkout
769,12:00,3,spices
770,12:00,4,drinks
771,12:01,2,fruit
772,12:01,3,checkout
773,12:01,4,drinks
774,12:02,2,dairy
775,12:02,4,drinks
776,12:03,2,dairy
777,12:03,4,drinks
778,12:04,2,fruit
779,12:04,4,drinks
780,12:05,2,fruit
781,12:05,4,fruit
782,12:06,2,dairy
783,12:06,4,fruit
784,12:07,2,dairy
785,12:07,4,fruit
786,12:08,2,dairy
787,12:08,4,checkout
788,12:09,2,drinks
789,12:10,2,fruit
790,12:11,2,fruit
791,12:12,2,checkout
792,12:19,1,entrance
793,12:20,1,fruit
794,12:21,1,fruit
795,12:21,2,entrance
796,12:22,1,checkout
797,12:22,2,fruit
798,12:22,3,entrance
799,12:23,2,fruit
800,12:23,3,spices
801,12:24,2,checkout
802,12:24,3,drinks
803,12:24,3,entrance
804,12:25,3,checkout
805,12:25,3,fruit
806,12:25,3,entrance
807,12:26,3,fruit
808,12:26,3,drinks
809,12:27,3,checkout
810,12:27,3,drinks
811,12:28,3,drinks
812,12:28,2,entrance
813,12:29,3,drinks
814,12:29,2,spices
815,12:30,3,drinks
816,12:30,2,dairy
817,12:31,3,drinks
818,12:31,2,dairy
819,12:31,3,entrance
820,12:32,3,drinks
821,12:32,2,dairy
822,12:32,3,drinks
823,12:33,3,drinks
824,12:33,2,checkout
825,12:33,3,drinks
826,12:34,3,drinks
827,12:34,3,checkout
828,12:35,3,drinks
829,12:36,3,spices
830,12:37,3,drinks
831,12:37,2,entrance
832,12:38,3,spices
833,12:38,2,dairy
834,12:38,3,entrance
835,12:39,3,spices
836,12:39,2,checkout
837,12:39,3,spices
838,12:40,3,checkout
839,12:40,3,drinks
840,12:40,3,entrance
841,12:41,3,drinks
842,12:41,3,drinks
843,12:42,3,drinks
844,12:42,3,checkout
845,12:43,3,fruit
846,12:44,3,checkout
847,12:48,1,entrance
848,12:49,1,fruit
849,12:49,2,entrance
850,12:50,1,drinks
851,12:50,2,drinks
852,12:51,1,drinks
853,12:51,2,fruit
854,12:52,1,drinks
855,12:52,2,drinks
856,12:53,1,drinks
857,12:53,2,drinks
858,12:53,3,entrance
859,12:54,1,spices
860,12:54,2,spices
861,12:54,3,fruit
862,12:55,1,spices
863,12:55,2,spices
864,12:55,3,drinks
865,12:56,1,spices
866,12:56,2,checkout
867,12:56,3,checkout
868,12:57,1,dairy
869,12:58,1,checkout
870,12:58,2,entrance
871,12:59,2,spices
872,13:00,2,dairy
873,13:01,2,spices
874,13:02,2,checkout
875,13:04,1,entrance
876,13:05,1,fruit
877,13:06,1,fruit
878,13:07,1,fruit
879,13:08,1,dairy
880,13:09,1,dairy
881,13:10,1,checkout
882,13:11,1,entrance
883,13:12,1,dairy
884,13:13,1,dairy
885,13:14,1,dairy
886,13:14,2,entrance
887,13:15,1,dairy
888,13:15,2,fruit
889,13:15,3,entrance
890,13:16,1,spices
891,13:16,2,fruit
892,13:16,3,spices
893,13:16,4,entrance
894,13:17,1,checkout
895,13:17,2,fruit
896,13:17,3,spices
897,13:17,4,fruit
898,13:17,5,entrance
899,13:18,2,fruit
900,13:18,3,spices
901,13:18,4,fruit
902,13:18,5,fruit
903,13:18,5,entrance
904,13:19,2,fruit
905,13:19,3,spices
906,13:19,4,fruit
907,13:19,5,dairy
908,13:19,5,fruit
909,13:20,2,fruit
910,13:20,3,checkout
911,13:20,4,spices
912,13:20,5,dairy
913,13:20,5,checkout
914,13:20,6,entrance
915,13:21,2,dairy
916,13:21,4,dairy
917,13:21,5,checkout
918,13:21,6,dairy
919,13:22,2,checkout
920,13:22,4,dairy
921,13:22,6,dairy
922,13:22,4,entrance
923,13:23,4,dairy
924,13:23,6,dairy
925,13:23,4,fruit
926,13:23,4,entrance
927,13:24,4,fruit
928,13:24,6,dairy
929,13:24,4,fruit
930,13:24,4,fruit
931,13:25,4,fruit
932,13:25,6,checkout
933,13:25,4,fruit
934,13:25,4,fruit
935,13:25,5,entrance
936,13:26,4,fruit
937,13:26,4,fruit
938,13:26,4,checkout
939,13:26,5,fruit
940,13:26,5,entrance
941,13:27,4,fruit
942,13:27,4,drinks
943,13:27,5,fruit
944,13:27,5,fruit
945,13:28,4,fruit
946,13:28,4,checkout
947,13:28,5,drinks
948,13:28,5,checkout
949,13:28,5,entrance
950,13:29,4,fruit
951,13:29,5,drinks
952,13:29,5,dairy
953,13:30,4,checkout
954,13:30,5,drinks
955,13:30,5,dairy
956,13:31,5,checkout
957,13:31,5,dairy
958,13:32,5,dairy
959,13:32,2,entrance
960,13:33,5,dairy
961,13:33,2,dairy
962,13:34,5,dairy
963,13:34,2,dairy
964,13:35,5,fruit
965,13:35,2,dairy
966,13:36,5,fruit
967,13:36,2,dairy
968,13:36,3,entrance
969,13:37,5,fruit
970,13:37,2,dairy
971,13:37,3,dairy
972,13:38,5,fruit
973,13:38,2,dairy
974,13:38,3,dairy
975,13:39,5,fruit
976,13:39,2,checkout
977,13:39,3,dairy
978,13:40,5,fruit
979,13:40,3,checkout
980,13:41,5,fruit
981,13:42,5,fruit
982,13:42,2,entrance
983,13:43,5,spices
984,13:43,2,fruit
985,13:43,3,entrance
986,13:44,5,spices
987,13:44,2,fruit
988,13:44,3,drinks
989,13:44,4,entrance
990,13:45,5,checkout
991,13:45,2,dairy
992,13:45,3,drinks
993,13:45,4,dairy
994,13:46,2,spices
995,13:46,3,drinks
996,13:46,4,dairy
997,13:47,2,spices
998,13:47,3,drinks
999,13:47,4,dairy
1000,13:48,2,spices
1001,13:48,3,drinks
1002,13:48,4,dairy
1003,13:49,2,checkout
1004,13:49,3,drinks
1005,13:49,4,dairy
1006,13:50,3,fruit
1007,13:50,4,checkout
1008,13:51,3,fruit
1009,13:52,3,dairy
1010,13:53,3,checkout
1011,13:54,1,entrance
1012,13:55,1,fruit
1013,13:56,1,fruit
1014,13:56,2,entrance
1015,13:57,1,fruit
1016,13:57,2,dairy
1017,13:58,1,fruit
1018,13:58,2,dairy
1019,13:59,1,dairy
1020,13:59,2,dairy
1021,14:00,1,dairy
1022,14:00,2,spices
1023,14:00,3,entrance
1024,14:01,1,checkout
1025,14:01,2,spices
1026,14:01,3,fruit
1027,14:01,4,entrance
1028,14:02,2,checkout
1029,14:02,3,fruit
1030,14:02,4,spices
1031,14:02,4,entrance
1032,14:03,3,checkout
1033,14:03,4,dairy
1034,14:03,4,dairy
1035,14:04,4,dairy
1036,14:04,4,dairy
1037,14:04,3,entrance
1038,14:05,4,dairy
1039,14:05,4,dairy
1040,14:05,3,dairy
1041,14:06,4,dairy
1042,14:06,4,drinks
1043,14:06,3,dairy
1044,14:07,4,dairy
1045,14:07,4,drinks
1046,14:07,3,drinks
1047,14:07,4,entrance
1048,14:08,4,dairy
1049,14:08,4,drinks
1050,14:08,3,drinks
1051,14:08,4,fruit
1052,14:09,4,checkout
1053,14:09,4,drinks
1054,14:09,3,drinks
1055,14:09,4,dairy
1056,14:09,5,entrance
1057,14:10,4,checkout
1058,14:10,3,checkout
1059,14:10,4,dairy
1060,14:10,5,dairy
1061,14:11,4,dairy
1062,14:11,5,dairy
1063,14:12,4,dairy
1064,14:12,5,dairy
1065,14:12,3,entrance
1066,14:13,4,dairy
1067,14:13,5,dairy
1068,14:13,3,drinks
1069,14:14,4,dairy
1070,14:14,5,checkout
1071,14:14,3,drinks
1072,14:15,4,dairy
1073,14:15,3,drinks
1074,14:15,3,entrance
1075,14:16,4,dairy
1076,14:16,3,checkout
1077,14:16,3,fruit
1078,14:16,4,entrance
1079,14:17,4,dairy
1080,14:17,3,fruit
1081,14:17,4,dairy
1082,14:17,4,entrance
1083,14:18,4,dairy
1084,14:18,3,fruit
1085,14:18,4,dairy
1086,14:18,4,dairy
1087,14:18,5,entrance
1088,14:19,4,dairy
1089,14:19,3,fruit
1090,14:19,4,checkout
1091,14:19,4,dairy
1092,14:19,5,dairy
1093,14:20,4,dairy
1094,14:20,3,fruit
1095,14:20,4,checkout
1096,14:20,5,dairy
1097,14:20,5,entrance
1098,14:21,4,checkout
1099,14:21,3,drinks
1100,14:21,5,dairy
1101,14:21,5,dairy
1102,14:21,5,entrance
1103,14:22,3,drinks
1104,14:22,5,dairy
1105,14:22,5,dairy
1106,14:22,5,spices
1107,14:23,3,checkout
1108,14:23,5,dairy
1109,14:23,5,dairy
1110,14:23,5,fruit
1111,14:24,5,fruit
1112,14:24,5,dairy
1113,14:24,5,drinks
1114,14:25,5,spices
1115,14:25,5,dairy
1116,14:25,5,drinks
1117,14:25,4,entrance
1118,14:26,5,drinks
1119,14:26,5,checkout
1120,14:26,5,spices
1121,14:26,4,dairy
1122,14:27,5,fruit
1123,14:27,5,dairy
1124,14:27,4,dairy
1125,14:28,5,fruit
1126,14:28,5,dairy
1127,14:28,4,dairy
1128,14:29,5,spices
1129,14:29,5,fruit
1130,14:29,4,dairy
1131,14:30,5,spices
1132,14:30,5,fruit
1133,14:30,4,dairy
1134,14:31,5,dairy
1135,14:31,5,fruit
1136,14:31,4,dairy
1137,14:32,5,dairy
1138,14:32,5,fruit
1139,14:32,4,fruit
1140,14:32,4,entrance
1141,14:33,5,dairy
1142,14:33,5,checkout
1143,14:33,4,fruit
1144,14:33,4,spices
1145,14:34,5,dairy
1146,14:34,4,fruit
1147,14:34,4,drinks
1148,14:35,5,dairy
1149,14:35,4,fruit
1150,14:35,4,checkout
1151,14:36,5,dairy
1152,14:36,4,drinks
1153,14:37,5,dairy
1154,14:37,4,checkout
1155,14:37,3,entrance
1156,14:38,5,checkout
1157,14:38,3,fruit
1158,14:38,3,entrance
1159,14:39,3,fruit
1160,14:39,3,drinks
1161,14:40,3,fruit
1162,14:40,3,drinks
1163,14:40,3,entrance
1164,14:41,3,drinks
1165,14:41,3,drinks
1166,14:41,3,fruit
1167,14:42,3,fruit
1168,14:42,3,fruit
1169,14:42,3,fruit
1170,14:43,3,fruit
1171,14:43,3,fruit
1172,14:43,3,fruit
1173,14:44,3,fruit
1174,14:44,3,fruit
1175,14:44,3,checkout
1176,14:44,4,entrance
1177,14:45,3,fruit
1178,14:45,3,fruit
1179,14:45,4,drinks
1180,14:45,4,entrance
1181,14:46,3,fruit
1182,14:46,3,checkout
1183,14:46,4,drinks
1184,14:46,4,spices
1185,14:47,3,fruit
1186,14:47,4,drinks
1187,14:47,4,checkout
1188,14:48,3,fruit
1189,14:48,4,checkout
1190,14:49,3,fruit
1191,14:49,2,entrance
1192,14:50,3,dairy
1193,14:50,2,drinks
1194,14:50,3,entrance
1195,14:51,3,dairy
1196,14:51,2,drinks
1197,14:51,3,dairy
1198,14:52,3,dairy
1199,14:52,2,spices
1200,14:52,3,spices
1201,14:52,4,entrance
1202,14:53,3,dairy
1203,14:53,2,checkout
1204,14:53,3,spices
1205,14:53,4,fruit
1206,14:54,3,fruit
1207,14:54,3,spices
1208,14:54,4,checkout
1209,14:55,3,fruit
1210,14:55,3,fruit
1211,14:56,3,fruit
1212,14:56,3,fruit
1213,14:57,3,fruit
1214,14:57,3,fruit
1215,14:58,3,fruit
1216,14:58,3,fruit
1217,14:59,3,fruit
1218,14:59,3,fruit
1219,14:59,3,entrance
1220,15:00,3,spices
1221,15:00,3,fruit
1222,15:00,3,fruit
1223,15:01,3,checkout
1224,15:01,3,checkout
1225,15:01,3,fruit
1226,15:02,3,spices
1227,15:03,3,checkout
1228,15:03,2,entrance
1229,15:04,2,dairy
1230,15:05,2,spices
1231,15:06,2,dairy
1232,15:06,2,entrance
1233,15:07,2,dairy
1234,15:07,2,drinks
1235,15:08,2,dairy
1236,15:08,2,checkout
1237,15:09,2,dairy
1238,15:10,2,dairy
1239,15:11,2,drinks
1240,15:12,2,checkout
1241,15:12,2,entrance
1242,15:13,2,fruit
1243,15:14,2,fruit
1244,15:14,2,entrance
1245,15:15,2,checkout
1246,15:15,2,fruit
1247,15:16,2,fruit
1248,15:17,2,checkout
1249,15:20,1,entrance
1250,15:21,1,fruit
1251,15:22,1,fruit
1252,15:23,1,fruit
1253,15:24,1,fruit
1254,15:24,2,entrance
1255,15:25,1,spices
1256,15:25,2,spices
1257,15:26,1,drinks
1258,15:26,2,spices
1259,15:27,1,fruit
1260,15:27,2,dairy
1261,15:28,1,dairy
1262,15:28,2,dairy
1263,15:28,3,entrance
1264,15:29,1,fruit
1265,15:29,2,dairy
1266,15:29,3,fruit
1267,15:30,1,checkout
1268,15:30,2,dairy
1269,15:30,3,fruit
1270,15:31,2,dairy
1271,15:31,3,dairy
1272,15:32,2,fruit
1273,15:32,3,dairy
1274,15:32,3,entrance
1275,15:33,2,dairy
1276,15:33,3,dairy
1277,15:33,3,spices
1278,15:34,2,dairy
1279,15:34,3,fruit
1280,15:34,3,drinks
1281,15:34,4,entrance
1282,15:35,2,dairy
1283,15:35,3,fruit
1284,15:35,3,drinks
1285,15:35,4,spices
1286,15:36,2,dairy
1287,15:36,3,checkout
1288,15:36,3,checkout
1289,15:36,4,spices
1290,15:37,2,dairy
1291,15:37,4,dairy
1292,15:38,2,dairy
1293,15:38,4,checkout
1294,15:39,2,dairy
1295,15:40,2,dairy
1296,15:41,2,dairy
1297,15:42,2,dairy
1298,15:43,2,dairy
1299,15:44,2,dairy
1300,15:45,2,dairy
1301,15:46,2,dairy
1302,15:46,2,entrance
1303,15:47,2,checkout
1304,15:47,2,fruit
1305,15:47,3,entrance
1306,15:48,2,fruit
1307,15:48,3,drinks
1308,15:49,2,fruit
1309,15:49,3,spices
1310,15:50,2,fruit
1311,15:50,3,drinks
1312,15:50,3,entrance
1313,15:51,2,fruit
1314,15:51,3,checkout
1315,15:51,3,dairy
1316,15:52,2,drinks
1317,15:52,3,dairy
1318,15:53,2,drinks
1319,15:53,3,spices
1320,15:53,3,entrance
1321,15:54,2,checkout
1322,15:54,3,spices
1323,15:54,3,spices
1324,15:55,3,spices
1325,15:55,3,drinks
1326,15:55,3,entrance
1327,15:56,3,checkout
1328,15:56,3,drinks
1329,15:56,3,spices
1330,15:56,4,entrance
1331,15:57,3,spices
1332,15:57,3,spices
1333,15:57,4,fruit
1334,15:58,3,dairy
1335,15:58,3,checkout
1336,15:58,4,drinks
1337,15:59,3,dairy
1338,15:59,4,fruit
1339,16:00,3,dairy
1340,16:00,4,fruit
1341,16:00,3,entrance
1342,16:01,3,dairy
1343,16:01,4,fruit
1344,16:01,3,drinks
1345,16:02,3,dairy
1346,16:02,4,fruit
1347,16:02,3,checkout
1348,16:03,3,spices
1349,16:03,4,checkout
1350,16:04,3,dairy
1351,16:04,2,entrance
1352,16:05,3,dairy
1353,16:05,2,fruit
1354,16:06,3,checkout
1355,16:06,2,dairy
1356,16:07,2,dairy
1357,16:08,2,dairy
1358,16:09,2,dairy
1359,16:09,2,entrance
1360,16:10,2,dairy
1361,16:10,2,spices
1362,16:10,3,entrance
1363,16:11,2,dairy
1364,16:11,2,dairy
1365,16:11,3,fruit
1366,16:11,4,entrance
1367,16:12,2,fruit
1368,16:12,2,dairy
1369,16:12,3,fruit
1370,16:12,4,fruit
1371,16:13,2,fruit
1372,16:13,2,drinks
1373,16:13,3,fruit
1374,16:13,4,fruit
1375,16:13,5,entrance
1376,16:14,2,fruit
1377,16:14,2,fruit
1378,16:14,3,fruit
1379,16:14,4,fruit
1380,16:14,5,dairy
1381,16:15,2,fruit
1382,16:15,2,fruit
1383,16:15,3,spices
1384,16:15,4,dairy
1385,16:15,5,dairy
1386,16:15,6,entrance
1387,16:16,2,fruit
1388,16:16,2,fruit
1389,16:16,3,spices
1390,16:16,4,checkout
1391,16:16,5,fruit
1392,16:16,6,drinks
1393,16:16,7,entrance
1394,16:17,2,fruit
1395,16:17,2,fruit
1396,16:17,3,checkout
1397,16:17,5,drinks
1398,16:17,6,fruit
1399,16:17,7,fruit
1400,16:18,2,fruit
1401,16:18,2,fruit
1402,16:18,5,checkout
1403,16:18,6,fruit
1404,16:18,7,fruit
1405,16:18,6,entrance
1406,16:19,2,drinks
1407,16:19,2,fruit
1408,16:19,6,fruit
1409,16:19,7,fruit
1410,16:19,6,fruit
1411,16:19,6,entrance
1412,16:20,2,drinks
1413,16:20,2,spices
1414,16:20,6,fruit
1415,16:20,7,dairy
1416,16:20,6,drinks
1417,16:20,6,spices
1418,16:20,7,entrance
1419,16:21,2,checkout
1420,16:21,2,spices
1421,16:21,6,fruit
1422,16:21,7,dairy
1423,16:21,6,drinks
1424,16:21,6,spices
1425,16:21,7,fruit
1426,16:21,8,entrance
1427,16:22,2,spices
1428,16:22,6,fruit
1429,16:22,7,dairy
1430,16:22,6,spices
1431,16:22,6,spices
1432,16:22,7,fruit
1433,16:22,8,dairy
1434,16:23,2,dairy
1435,16:23,6,dairy
1436,16:23,7,dairy
1437,16:23,6,spices
1438,16:23,6,fruit
1439,16:23,7,spices
1440,16:23,8,dairy
1441,16:24,2,dairy
1442,16:24,6,drinks
1443,16:24,7,dairy
1444,16:24,6,spices
1445,16:24,6,dairy
1446,16:24,7,dairy
1447,16:24,8,fruit
1448,16:24,8,entrance
1449,16:25,2,dairy
1450,16:25,6,drinks
1451,16:25,7,drinks
1452,16:25,6,dairy
1453,16:25,6,dairy
1454,16:25,7,checkout
1455,16:25,8,dairy
1456,16:25,8,drinks
1457,16:25,9,entrance
1458,16:26,2,dairy
1459,16:26,6,drinks
1460,16:26,7,fruit
1461,16:26,6,dairy
1462,16:26,6,dairy
1463,16:26,8,drinks
1464,16:26,8,checkout
1465,16:26,9,fruit
1466,16:27,2,dairy
1467,16:27,6,drinks
1468,16:27,7,fruit
1469,16:27,6,dairy
1470,16:27,6,dairy
1471,16:27,8,drinks
1472,16:27,9,fruit
1473,16:28,2,spices
1474,16:28,6,checkout
1475,16:28,7,checkout
1476,16:28,6,dairy
1477,16:28,6,dairy
1478,16:28,8,drinks
1479,16:28,9,fruit
1480,16:29,2,dairy
1481,16:29,6,dairy
1482,16:29,6,dairy
1483,16:29,8,drinks
1484,16:29,9,drinks
1485,16:30,2,dairy
1486,16:30,6,checkout
1487,16:30,6,dairy
1488,16:30,8,checkout
1489,16:30,9,drinks
1490,16:30,6,entrance
1491,16:31,2,checkout
1492,16:31,6,drinks
1493,16:31,9,checkout
1494,16:31,6,spices
1495,16:32,6,drinks
1496,16:32,6,dairy
1497,16:32,3,entrance
1498,16:33,6,fruit
1499,16:33,6,fruit
1500,16:33,3,dairy
1501,16:34,6,fruit
1502,16:34,6,fruit
1503,16:34,3,dairy
1504,16:34,4,entrance
1505,16:35,6,fruit
1506,16:35,6,fruit
1507,16:35,3,spices
1508,16:35,4,drinks
1509,16:35,5,entrance
1510,16:36,6,fruit
1511,16:36,6,fruit
1512,16:36,3,checkout
1513,16:36,4,checkout
1514,16:36,5,fruit
1515,16:37,6,checkout
1516,16:37,6,fruit
1517,16:37,5,checkout
1518,16:38,6,fruit
1519,16:39,6,fruit
1520,16:39,2,entrance
1521,16:40,6,fruit
1522,16:40,2,drinks
1523,16:41,6,fruit
1524,16:41,2,drinks
1525,16:41,3,entrance
1526,16:42,6,fruit
1527,16:42,2,fruit
1528,16:42,3,spices
1529,16:43,6,fruit
1530,16:43,2,dairy
1531,16:43,3,fruit
1532,16:44,6,fruit
1533,16:44,2,dairy
1534,16:44,3,spices
1535,16:45,6,fruit
1536,16:45,2,drinks
1537,16:45,3,dairy
1538,16:45,4,entrance
1539,16:46,6,checkout
1540,16:46,2,drinks
1541,16:46,3,dairy
1542,16:46,4,fruit
1543,16:47,2,checkout
1544,16:47,3,dairy
1545,16:47,4,fruit
1546,16:48,3,dairy
1547,16:48,4,checkout
1548,16:48,3,entrance
1549,16:49,3,dairy
1550,16:49,3,fruit
1551,16:49,3,entrance
1552,16:50,3,dairy
1553,16:50,3,checkout
1554,16:50,3,drinks
1555,16:51,3,dairy
1556,16:51,3,drinks
1557,16:52,3,dairy
1558,16:52,3,drinks
1559,16:52,3,entrance
1560,16:53,3,spices
1561,16:53,3,drinks
1562,16:53,3,spices
1563,16:54,3,dairy
1564,16:54,3,spices
1565,16:54,3,spices
1566,16:55,3,dairy
1567,16:55,3,spices
1568,16:55,3,drinks
1569,16:55,4,entrance
1570,16:56,3,dairy
1571,16:56,3,drinks
1572,16:56,3,checkout
1573,16:56,4,fruit
1574,16:57,3,dairy
1575,16:57,3,drinks
1576,16:57,4,fruit
1577,16:57,4,entrance
1578,16:58,3,dairy
1579,16:58,3,fruit
1580,16:58,4,fruit
1581,16:58,4,fruit
1582,16:59,3,dairy
1583,16:59,3,fruit
1584,16:59,4,checkout
1585,16:59,4,checkout
1586,17:00,3,dairy
1587,17:00,3,dairy
1588,17:01,3,dairy
1589,17:01,3,dairy
1590,17:02,3,spices
1591,17:02,3,dairy
1592,17:03,3,spices
1593,17:03,3,dairy
1594,17:03,3,entrance
1595,17:04,3,checkout
1596,17:04,3,dairy
1597,17:04,3,fruit
1598,17:04,4,entrance
1599,17:05,3,dairy
1600,17:05,3,spices
1601,17:05,4,fruit
1602,17:06,3,fruit
1603,17:06,3,drinks
1604,17:06,4,fruit
1605,17:07,3,drinks
1606,17:07,3,dairy
1607,17:07,4,fruit
1608,17:07,4,entrance
1609,17:08,3,spices
1610,17:08,3,drinks
1611,17:08,4,dairy
1612,17:08,4,fruit
1613,17:08,5,entrance
1614,17:09,3,spices
1615,17:09,3,spices
1616,17:09,4,dairy
1617,17:09,4,fruit
1618,17:09,5,fruit
1619,17:10,3,dairy
1620,17:10,3,checkout
1621,17:10,4,dairy
1622,17:10,4,checkout
1623,17:10,5,spices
1624,17:10,6,entrance
1625,17:11,3,dairy
1626,17:11,4,dairy
1627,17:11,5,drinks
1628,17:11,6,fruit
1629,17:12,3,dairy
1630,17:12,4,drinks
1631,17:12,5,drinks
1632,17:12,6,fruit
1633,17:13,3,drinks
1634,17:13,4,spices
1635,17:13,5,drinks
1636,17:13,6,fruit
1637,17:13,5,entrance
1638,17:14,3,checkout
1639,17:14,4,checkout
1640,17:14,5,checkout
1641,17:14,6,fruit
1642,17:14,5,spices
1643,17:15,6,fruit
1644,17:15,5,drinks
1645,17:16,6,spices
1646,17:16,5,drinks
1647,17:16,3,entrance
1648,17:17,6,spices
1649,17:17,5,spices
1650,17:17,3,fruit
1651,17:18,6,checkout
1652,17:18,5,dairy
1653,17:18,3,spices
1654,17:18,4,entrance
1655,17:19,5,dairy
1656,17:19,3,dairy
1657,17:19,4,dairy
1658,17:20,5,dairy
1659,17:20,3,checkout
1660,17:20,4,dairy
1661,17:21,5,fruit
1662,17:21,4,dairy
1663,17:22,5,fruit
1664,17:22,4,checkout
1665,17:22,3,entrance
1666,17:23,5,spices
1667,17:23,3,fruit
1668,17:24,5,fruit
1669,17:24,3,checkout
1670,17:24,3,entrance
1671,17:25,5,fruit
1672,17:25,3,drinks
1673,17:25,3,entrance
1674,17:26,5,checkout
1675,17:26,3,drinks
1676,17:26,3,drinks
1677,17:26,4,entrance
1678,17:27,3,drinks
1679,17:27,3,drinks
1680,17:27,4,fruit
1681,17:27,4,entrance
1682,17:28,3,checkout
1683,17:28,3,dairy
1684,17:28,4,fruit
1685,17:28,4,dairy
1686,17:29,3,dairy
1687,17:29,4,drinks
1688,17:29,4,fruit
1689,17:30,3,dairy
1690,17:30,4,drinks
1691,17:30,4,fruit
1692,17:31,3,dairy
1693,17:31,4,drinks
1694,17:31,4,fruit
1695,17:32,3,checkout
1696,17:32,4,spices
1697,17:32,4,dairy
1698,17:32,4,entrance
1699,17:33,4,drinks
1700,17:33,4,spices
1701,17:33,4,fruit
1702,17:34,4,drinks
1703,17:34,4,dairy
1704,17:34,4,checkout
1705,17:34,4,entrance
1706,17:35,4,checkout
1707,17:35,4,dairy
1708,17:35,4,drinks
1709,17:36,4,dairy
1710,17:36,4,drinks
1711,17:37,4,dairy
1712,17:37,4,spices
1713,17:37,3,entrance
1714,17:38,4,dairy
1715,17:38,4,checkout
1716,17:38,3,spices
1717,17:38,4,entrance
1718,17:39,4,drinks
1719,17:39,3,checkout
1720,17:39,4,drinks
1721,17:40,4,drinks
1722,17:40,4,drinks
1723,17:41,4,checkout
1724,17:41,4,drinks
1725,17:42,4,drinks
1726,17:43,4,drinks
1727,17:43,2,entrance
1728,17:44,4,drinks
1729,17:44,2,drinks
1730,17:45,4,drinks
1731,17:45,2,drinks
1732,17:45,3,entrance
1733,17:46,4,drinks
1734,17:46,2,drinks
1735,17:46,3,spices
1736,17:47,4,checkout
1737,17:47,2,spices
1738,17:47,3,spices
1739,17:48,2,spices
1740,17:48,3,fruit
1741,17:49,2,spices
1742,17:49,3,fruit
1743,17:50,2,spices
1744,17:50,3,dairy
1745,17:51,2,spices
1746,17:51,3,dairy
1747,17:52,2,checkout
1748,17:52,3,spices
1749,17:52,3,entrance
1750,17:53,3,drinks
1751,17:53,3,fruit
1752,17:54,3,checkout
1753,17:54,3,checkout
1754,17:56,1,entrance
1755,17:57,1,fruit
1756,17:58,1,checkout
1757,17:58,2,entrance
1758,17:59,2,fruit
1759,18:00,2,dairy
1760,18:01,2,spices
1761,18:01,2,entrance
1762,18:02,2,drinks
1763,18:02,2,spices
1764,18:03,2,drinks
1765,18:03,2,drinks
1766,18:04,2,drinks
1767,18:04,2,drinks
1768,18:05,2,checkout
1769,18:05,2,drinks
1770,18:06,2,drinks
1771,18:07,2,spices
1772,18:08,2,spices
1773,18:08,2,entrance
1774,18:09,2,spices
1775,18:09,2,fruit
1776,18:09,3,entrance
1777,18:10,2,dairy
1778,18:10,2,fruit
1779,18:10,3,drinks
1780,18:10,4,entrance
1781,18:11,2,checkout
1782,18:11,2,fruit
1783,18:11,3,drinks
1784,18:11,4,fruit
1785,18:11,5,entrance
1786,18:12,2,fruit
1787,18:12,3,drinks
1788,18:12,4,fruit
1789,18:12,5,dairy
1790,18:12,5,entrance
1791,18:13,2,fruit
1792,18:13,3,checkout
1793,18:13,4,fruit
1794,18:13,5,dairy
1795,18:13,5,drinks
1796,18:14,2,fruit
1797,18:14,4,fruit
1798,18:14,5,fruit
1799,18:14,5,drinks
1800,18:15,2,checkout
1801,18:15,4,checkout
1802,18:15,5,checkout
1803,18:15,5,drinks
1804,18:16,5,checkout
1805,18:18,1,entrance
1806,18:19,1,fruit
1807,18:20,1,checkout
1808,18:22,1,entrance
1809,18:23,1,drinks
1810,18:24,1,checkout
1811,18:26,1,entrance
1812,18:27,1,spices
1813,18:28,1,spices
1814,18:28,2,entrance
1815,18:29,1,drinks
1816,18:29,2,spices
1817,18:30,1,drinks
1818,18:30,2,spices
1819,18:31,1,fruit
1820,18:31,2,drinks
1821,18:32,1,fruit
1822,18:32,2,drinks
1823,18:32,3,entrance
1824,18:33,1,checkout
1825,18:33,2,checkout
1826,18:33,3,drinks
1827,18:34,3,drinks
1828,18:35,3,checkout
1829,18:37,1,entrance
1830,18:38,1,fruit
1831,18:39,1,checkout
1832,18:39,2,entrance
1833,18:40,2,fruit
1834,18:40,2,entrance
1835,18:41,2,checkout
1836,18:41,2,drinks
1837,18:42,2,drinks
1838,18:43,2,drinks
1839,18:44,2,checkout
1840,18:45,1,entrance
1841,18:46,1,spices
1842,18:47,1,drinks
1843,18:47,2,entrance
1844,18:48,1,drinks
1845,18:48,2,fruit
1846,18:49,1,drinks
1847,18:49,2,fruit
1848,18:50,1,drinks
1849,18:50,2,fruit
1850,18:50,3,entrance
1851,18:51,1,drinks
1852,18:51,2,fruit
1853,18:51,3,fruit
1854,18:52,1,drinks
1855,18:52,2,spices
1856,18:52,3,fruit
1857,18:52,4,entrance
1858,18:53,1,fruit
1859,18:53,2,drinks
1860,18:53,3,checkout
1861,18:53,4,dairy
1862,18:54,1,fruit
1863,18:54,2,fruit
1864,18:54,4,dairy
1865,18:54,4,entrance
1866,18:55,1,dairy
1867,18:55,2,dairy
1868,18:55,4,dairy
1869,18:55,4,drinks
1870,18:56,1,checkout
1871,18:56,2,dairy
1872,18:56,4,dairy
1873,18:56,4,spices
1874,18:57,2,dairy
1875,18:57,4,dairy
1876,18:57,4,checkout
1877,18:58,2,dairy
1878,18:58,4,dairy
1879,18:58,3,entrance
1880,18:59,2,dairy
1881,18:59,4,dairy
1882,18:59,3,fruit
1883,18:59,4,entrance
1884,19:00,2,dairy
1885,19:00,4,dairy
1886,19:00,3,checkout
1887,19:00,4,drinks
1888,19:01,2,dairy
1889,19:01,4,dairy
1890,19:01,4,drinks
1891,19:02,2,dairy
1892,19:02,4,dairy
1893,19:02,4,drinks
1894,19:02,4,entrance
1895,19:03,2,dairy
1896,19:03,4,dairy
1897,19:03,4,drinks
1898,19:03,4,drinks
1899,19:04,2,dairy
1900,19:04,4,dairy
1901,19:04,4,drinks
1902,19:04,4,dairy
1903,19:05,2,checkout
1904,19:05,4,dairy
1905,19:05,4,checkout
1906,19:05,4,drinks
1907,19:06,4,dairy
1908,19:06,4,fruit
1909,19:06,3,entrance
1910,19:07,4,dairy
1911,19:07,4,fruit
1912,19:07,3,fruit
1913,19:07,4,entrance
1914,19:08,4,dairy
1915,19:08,4,fruit
1916,19:08,3,dairy
1917,19:08,4,dairy
1918,19:09,4,dairy
1919,19:09,4,drinks
1920,19:09,3,fruit
1921,19:09,4,dairy
1922,19:10,4,dairy
1923,19:10,4,drinks
1924,19:10,3,spices
1925,19:10,4,dairy
1926,19:11,4,dairy
1927,19:11,4,spices
1928,19:11,3,spices
1929,19:11,4,dairy
1930,19:12,4,dairy
1931,19:12,4,checkout
1932,19:12,3,spices
1933,19:12,4,dairy
1934,19:13,4,checkout
1935,19:13,3,dairy
1936,19:13,4,drinks
1937,19:14,3,dairy
1938,19:14,4,fruit
1939,19:15,3,dairy
1940,19:15,4,dairy
1941,19:16,3,dairy
1942,19:16,4,dairy
1943,19:17,3,checkout
1944,19:17,4,dairy
1945,19:17,3,entrance
1946,19:18,4,checkout
1947,19:18,3,spices
1948,19:19,3,dairy
1949,19:19,2,entrance
1950,19:20,3,dairy
1951,19:20,2,dairy
1952,19:21,3,dairy
1953,19:21,2,dairy
1954,19:22,3,dairy
1955,19:22,2,dairy
1956,19:23,3,dairy
1957,19:23,2,dairy
1958,19:24,3,fruit
1959,19:24,2,spices
1960,19:25,3,fruit
1961,19:25,2,spices
1962,19:26,3,fruit
1963,19:26,2,spices
1964,19:26,3,entrance
1965,19:27,3,fruit
1966,19:27,2,checkout
1967,19:27,3,fruit
1968,19:27,4,entrance
1969,19:28,3,drinks
1970,19:28,3,fruit
1971,19:28,4,drinks
1972,19:28,4,entrance
1973,19:29,3,drinks
1974,19:29,3,fruit
1975,19:29,4,drinks
1976,19:29,4,drinks
1977,19:29,5,entrance
1978,19:30,3,drinks
1979,19:30,3,dairy
1980,19:30,4,drinks
1981,19:30,4,drinks
1982,19:30,5,spices
1983,19:30,6,entrance
1984,19:31,3,spices
1985,19:31,3,checkout
1986,19:31,4,drinks
1987,19:31,4,checkout
1988,19:31,5,spices
1989,19:31,6,fruit
1990,19:32,3,spices
1991,19:32,4,drinks
1992,19:32,5,spices
1993,19:32,6,drinks
1994,19:33,3,spices
1995,19:33,4,drinks
1996,19:33,5,drinks
1997,19:33,6,spices
1998,19:34,3,spices
1999,19:34,4,drinks
2000,19:34,5,drinks
2001,19:34,6,spices
2002,19:35,3,drinks
2003,19:35,4,checkout
2004,19:35,5,spices
2005,19:35,6,spices
2006,19:36,3,checkout
2007,19:36,5,dairy
2008,19:36,6,dairy
2009,19:37,5,dairy
2010,19:37,6,dairy
2011,19:37,3,entrance
2012,19:38,5,checkout
2013,19:38,6,dairy
2014,19:38,3,dairy
2015,19:38,4,entrance
2016,19:39,6,dairy
2017,19:39,3,drinks
2018,19:39,4,dairy
2019,19:40,6,checkout
2020,19:40,3,drinks
2021,19:40,4,drinks
2022,19:40,4,entrance
2023,19:41,3,drinks
2024,19:41,4,drinks
2025,19:41,4,fruit
2026,19:41,4,entrance
2027,19:42,3,drinks
2028,19:42,4,drinks
2029,19:42,4,fruit
2030,19:42,4,dairy
2031,19:43,3,drinks
2032,19:43,4,drinks
2033,19:43,4,fruit
2034,19:43,4,dairy
2035,19:43,5,entrance
2036,19:44,3,drinks
2037,19:44,4,drinks
2038,19:44,4,spices
2039,19:44,4,dairy
2040,19:44,5,fruit
2041,19:45,3,drinks
2042,19:45,4,spices
2043,19:45,4,fruit
2044,19:45,4,dairy
2045,19:45,5,drinks
2046,19:46,3,drinks
2047,19:46,4,drinks
2048,19:46,4,checkout
2049,19:46,4,dairy
2050,19:46,5,drinks
2051,19:47,3,checkout
2052,19:47,4,drinks
2053,19:47,4,fruit
2054,19:47,5,drinks
2055,19:48,4,drinks
2056,19:48,4,fruit
2057,19:48,5,drinks
2058,19:49,4,drinks
2059,19:49,4,fruit
2060,19:49,5,fruit
2061,19:49,4,entrance
2062,19:50,4,drinks
2063,19:50,4,fruit
2064,19:50,5,fruit
2065,19:50,4,dairy
2066,19:50,5,entrance
2067,19:51,4,drinks
2068,19:51,4,checkout
2069,19:51,5,fruit
2070,19:51,4,spices
2071,19:51,5,fruit
2072,19:52,4,drinks
2073,19:52,5,fruit
2074,19:52,4,drinks
2075,19:52,5,spices
2076,19:53,4,checkout
2077,19:53,5,checkout
2078,19:53,4,drinks
2079,19:53,5,checkout
2080,19:54,4,drinks
2081,19:55,4,spices
2082,19:56,4,checkout
2083,19:56,2,entrance
2084,19:57,2,fruit
2085,19:58,2,checkout
2086,20:04,1,entrance
2087,20:05,1,spices
2088,20:06,1,drinks
2089,20:07,1,drinks
2090,20:08,1,checkout
2091,20:08,2,entrance
2092,20:09,2,spices
2093,20:10,2,drinks
2094,20:11,2,dairy
2095,20:12,2,dairy
2096,20:13,2,fruit
2097,20:14,2,fruit
2098,20:14,2,entrance
2099,20:15,2,fruit
2100,20:15,2,spices
2101,20:15,3,entrance
2102,20:16,2,fruit
2103,20:16,2,fruit
2104,20:16,3,fruit
2105,20:17,2,fruit
2106,20:17,2,fruit
2107,20:17,3,fruit
2108,20:18,2,checkout
2109,20:18,2,drinks
2110,20:18,3,fruit
2111,20:18,4,entrance
2112,20:19,2,fruit
2113,20:19,3,fruit
2114,20:19,4,spices
2115,20:20,2,fruit
2116,20:20,3,fruit
2117,20:20,4,drinks
2118,20:21,2,fruit
2119,20:21,3,fruit
2120,20:21,4,drinks
2121,20:22,2,fruit
2122,20:22,3,checkout
2123,20:22,4,drinks
2124,20:23,2,fruit
2125,20:23,4,drinks
2126,20:23,3,entrance
2127,20:24,2,drinks
2128,20:24,4,drinks
2129,20:24,3,fruit
2130,20:25,2,drinks
2131,20:25,4,drinks
2132,20:25,3,fruit
2133,20:26,2,drinks
2134,20:26,4,fruit
2135,20:26,3,fruit
2136,20:26,4,entrance
2137,20:27,2,spices
2138,20:27,4,fruit
2139,20:27,3,fruit
2140,20:27,4,drinks
2141,20:28,2,dairy
2142,20:28,4,fruit
2143,20:28,3,checkout
2144,20:28,4,fruit
2145,20:29,2,drinks
2146,20:29,4,fruit
2147,20:29,4,fruit
2148,20:29,4,entrance
2149,20:30,2,drinks
2150,20:30,4,checkout
2151,20:30,4,checkout
2152,20:30,4,spices
2153,20:31,2,drinks
2154,20:31,4,dairy
2155,20:31,3,entrance
2156,20:32,2,checkout
2157,20:32,4,dairy
2158,20:32,3,fruit
2159,20:33,4,dairy
2160,20:33,3,fruit
2161,20:34,4,dairy
2162,20:34,3,dairy
2163,20:34,3,entrance
2164,20:35,4,dairy
2165,20:35,3,dairy
2166,20:35,3,drinks
2167,20:36,4,dairy
2168,20:36,3,dairy
2169,20:36,3,drinks
2170,20:36,4,entrance
2171,20:37,4,dairy
2172,20:37,3,dairy
2173,20:37,3,drinks
2174,20:37,4,dairy
2175,20:38,4,dairy
2176,20:38,3,fruit
2177,20:38,3,checkout
2178,20:38,4,fruit
2179,20:39,4,spices
2180,20:39,3,fruit
2181,20:39,4,drinks
2182,20:40,4,checkout
2183,20:40,3,drinks
2184,20:40,4,spices
2185,20:41,3,checkout
2186,20:41,4,fruit
2187,20:42,4,fruit
2188,20:42,2,entrance
2189,20:43,4,dairy
2190,20:43,2,dairy
2191,20:44,4,dairy
2192,20:44,2,dairy
2193,20:45,4,dairy
2194,20:45,2,dairy
2195,20:46,4,dairy
2196,20:46,2,dairy
2197,20:46,3,entrance
2198,20:47,4,dairy
2199,20:47,2,dairy
2200,20:47,3,dairy
2201,20:47,4,entrance
2202,20:48,4,fruit
2203,20:48,2,dairy
2204,20:48,3,dairy
2205,20:48,4,dairy
2206,20:49,4,spices
2207,20:49,2,spices
2208,20:49,3,dairy
2209,20:49,4,fruit
2210,20:50,4,checkout
2211,20:50,2,checkout
2212,20:50,3,dairy
2213,20:50,4,checkout
2214,20:50,5,entrance
2215,20:51,3,fruit
2216,20:51,5,fruit
2217,20:51,3,entrance
2218,20:52,3,fruit
2219,20:52,5,fruit
2220,20:52,3,fruit
2221,20:52,4,entrance
2222,20:53,3,fruit
2223,20:53,5,fruit
2224,20:53,3,checkout
2225,20:53,4,fruit
2226,20:53,5,entrance
2227,20:54,3,fruit
2228,20:54,5,checkout
2229,20:54,4,spices
2230,20:54,5,fruit
2231,20:55,3,spices
2232,20:55,4,checkout
2233,20:55,5,fruit
2234,20:56,3,checkout
2235,20:56,5,fruit
2236,20:57,5,fruit
2237,20:58,5,fruit
2238,20:59,5,checkout
2239,21:01,1,entrance
2240,21:02,1,spices
2241,21:03,1,fruit
2242,21:03,2,entrance
2243,21:04,1,fruit
2244,21:04,2,dairy
2245,21:04,3,entrance
2246,21:05,1,fruit
2247,21:05,2,spices
2248,21:05,3,dairy
2249,21:06,1,fruit
2250,21:06,2,spices
2251,21:06,3,drinks
2252,21:07,1,fruit
2253,21:07,2,drinks
2254,21:07,3,dairy
2255,21:08,1,fruit
2256,21:08,2,drinks
2257,21:08,3,dairy
2258,21:08,4,entrance
2259,21:09,1,fruit
2260,21:09,2,checkout
2261,21:09,3,dairy
2262,21:09,4,dairy
2263,21:10,1,fruit
2264,21:10,3,spices
2265,21:10,4,dairy
2266,21:10,4,entrance
2267,21:11,1,fruit
2268,21:11,3,dairy
2269,21:11,4,dairy
2270,21:11,4,fruit
2271,21:12,1,fruit
2272,21:12,3,dairy
2273,21:12,4,checkout
2274,21:12,4,fruit
2275,21:13,1,fruit
2276,21:13,3,dairy
2277,21:13,4,fruit
2278,21:14,1,dairy
2279,21:14,3,dairy
2280,21:14,4,fruit
2281,21:14,4,entrance
2282,21:15,1,dairy
2283,21:15,3,dairy
2284,21:15,4,fruit
2285,21:15,4,dairy
2286,21:16,1,checkout
2287,21:16,3,dairy
2288,21:16,4,fruit
2289,21:16,4,dairy
2290,21:16,5,entrance
2291,21:17,3,dairy
2292,21:17,4,fruit
2293,21:17,4,dairy
2294,21:17,5,dairy
2295,21:18,3,dairy
2296,21:18,4,fruit
2297,21:18,4,dairy
2298,21:18,5,dairy
2299,21:19,3,dairy
2300,21:19,4,fruit
2301,21:19,4,dairy
2302,21:19,5,dairy
2303,21:19,5,entrance
2304,21:20,3,dairy
2305,21:20,4,drinks
2306,21:20,4,dairy
2307,21:20,5,dairy
2308,21:20,5,dairy
2309,21:21,3,dairy
2310,21:21,4,checkout
2311,21:21,4,dairy
2312,21:21,5,checkout
2313,21:21,5,dairy
2314,21:21,6,entrance
2315,21:22,3,checkout
2316,21:22,4,dairy
2317,21:22,5,drinks
2318,21:22,6,dairy
2319,21:23,4,checkout
2320,21:23,5,drinks
2321,21:23,6,dairy
2322,21:24,5,checkout
2323,21:24,6,dairy
2324,21:25,6,dairy
2325,21:25,2,entrance
2326,21:26,6,fruit
2327,21:26,2,dairy
2328,21:27,6,fruit
2329,21:27,2,dairy
2330,21:28,6,fruit
2331,21:28,2,fruit
2332,21:28,3,entrance
2333,21:29,6,fruit
2334,21:29,2,fruit
2335,21:29,3,dairy
2336,21:30,6,fruit
2337,21:30,2,fruit
2338,21:30,3,dairy
2339,21:31,6,fruit
2340,21:31,2,fruit
2341,21:31,3,spices
2342,21:32,6,fruit
2343,21:32,2,fruit
2344,21:32,3,spices
2345,21:33,6,fruit
2346,21:33,2,dairy
2347,21:33,3,checkout
2348,21:34,6,fruit
2349,21:34,2,dairy
2350,21:34,3,entrance
2351,21:35,6,dairy
2352,21:35,2,dairy
2353,21:35,3,spices
2354,21:36,6,dairy
2355,21:36,2,dairy
2356,21:36,3,dairy
2357,21:37,6,dairy
2358,21:37,2,dairy
2359,21:37,3,dairy
2360,21:37,4,entrance
2361,21:38,6,dairy
2362,21:38,2,spices
2363,21:38,3,dairy
2364,21:38,4,spices
2365,21:39,6,spices
2366,21:39,2,fruit
2367,21:39,3,dairy
2368,21:39,4,fruit
2369,21:40,6,spices
2370,21:40,2,dairy
2371,21:40,3,dairy
2372,21:40,4,checkout
2373,21:41,6,spices
2374,21:41,2,dairy
2375,21:41,3,dairy
2376,21:41,4,entrance
2377,21:42,6,checkout
2378,21:42,2,spices
2379,21:42,3,dairy
2380,21:42,4,fruit
2381,21:43,2,spices
2382,21:43,3,dairy
2383,21:43,4,fruit
2384,21:44,2,drinks
2385,21:44,3,dairy
2386,21:44,4,checkout
2387,21:44,4,entrance
2388,21:45,2,drinks
2389,21:45,3,dairy
2390,21:45,4,drinks
2391,21:46,2,spices
2392,21:46,3,spices
2393,21:46,4,drinks
2394,21:46,4,entrance
2395,21:47,2,dairy
2396,21:47,3,spices
2397,21:47,4,drinks
2398,21:47,4,spices
2399,21:47,5,entrance
2400,21:48,2,dairy
2401,21:48,3,dairy
2402,21:48,4,drinks
2403,21:48,4,spices
2404,21:48,5,drinks
2405,21:49,2,dairy
2406,21:49,3,dairy
2407,21:49,4,drinks
2408,21:49,4,spices
2409,21:49,5,checkout
2410,21:50,2,dairy
2411,21:50,3,checkout
2412,21:50,4,drinks
2413,21:50,4,drinks
2414,21:51,2,dairy
2415,21:51,4,drinks
2416,21:51,4,drinks
2417,21:52,2,dairy
2418,21:52,4,drinks
2419,21:52,4,drinks
2420,21:53,2,dairy
2421,21:53,4,checkout
2422,21:53,4,drinks
2423,21:54,2,spices
2424,21:54,4,fruit
2425,21:55,2,drinks
2426,21:55,4,fruit
2427,21:56,2,fruit
2428,21:56,4,fruit
2429,21:56,3,entrance
2430,21:57,2,dairy
2431,21:57,4,drinks
2432,21:57,3,spices
2433,21:58,2,dairy
2434,21:58,4,fruit
2435,21:58,3,spices
2436,21:58,4,entrance
2437,21:59,2,dairy
2438,21:59,4,checkout
2439,21:59,3,drinks
2440,21:59,4,drinks
2441,22:00,2,drinks
2442,22:00,3,checkout
2443,22:00,4,spices
